{
  "x": {
    "w0_m": 3.987995819559567e-07,
    "z0_m": -0.011997139209625356,
    "zR_prime_m": 5.089569678623375e-06,
    "M2": 0.09531054925999195,
    "sigma": {
      "w0_m": Infinity,
      "z0_m": Infinity,
      "B": Infinity,
      "zR_prime_m": NaN,
      "M2": Infinity
    }
  },
  "y": {
    "w0_m": 5.223222360568383e-08,
    "z0_m": 0.004849557568443224,
    "zR_prime_m": 2.0399780775630067e-07,
    "M2": 0.04079098356292462,
    "sigma": {
      "w0_m": Infinity,
      "z0_m": Infinity,
      "B": Infinity,
      "zR_prime_m": NaN,
      "M2": Infinity
    }
  }
}