{
  "wavelength_nm": 1030.0,
  "position_unit": "mm",
  "radii_source": "moment_2sigma",
  "created_at": "2025-10-17T14:29:06Z",
  "point_count": 6,
  "fit_results": {
    "x": {
      "w0_m": 0.000789704454222359,
      "z0_m": -0.0037777893700177544,
      "zR_prime_m": 0.00519882605763273,
      "M2": 365.8782019443584,
      "sigma": {
        "w0_m": 0.0007276476548649188,
        "z0_m": 0.012652299125149664,
        "B": 0.06436051961718124,
        "zR_prime_m": 0.004285953711811337,
        "M2": 810.614052147214
      }
    },
    "y": {
      "w0_m": 4.836206949000515e-08,
      "z0_m": -0.007342304697234663,
      "zR_prime_m": 6.267654843560885e-07,
      "M2": 0.01138196719041919,
      "sigma": {
        "w0_m": 13.974357055921725,
        "z0_m": 0.03536833324750359,
        "B": 0.02651354987363061,
        "zR_prime_m": 181.10566184710115,
        "M2": 3288851.705134298
      }
    }
  }
}