{
  "x": {
    "w0_m": 0.0009770762230500974,
    "z0_m": 0.0019279303475210653,
    "zR_prime_m": 0.002995525491125059,
    "M2": 972.0677126126495,
    "sigma": {
      "w0_m": Infinity,
      "z0_m": Infinity,
      "B": Infinity,
      "zR_prime_m": NaN,
      "M2": Infinity
    }
  },
  "y": {
    "w0_m": 0.0007070050688114528,
    "z0_m": 0.0009889656115715142,
    "zR_prime_m": 0.0054520965590448695,
    "M2": 279.6366972526471,
    "sigma": {
      "w0_m": Infinity,
      "z0_m": Infinity,
      "B": Infinity,
      "zR_prime_m": NaN,
      "M2": Infinity
    }
  }
}