{
  "x": {
    "w0_m": 6.425251188057171e-05,
    "z0_m": 0.0021315513065947997,
    "zR_prime_m": 0.0008646484515904692,
    "M2": 14.563082208187446,
    "sigma": {
      "w0_m": Infinity,
      "z0_m": Infinity,
      "B": Infinity,
      "zR_prime_m": NaN,
      "M2": Infinity
    }
  },
  "y": {
    "w0_m": 1.7902205543338784e-05,
    "z0_m": 0.0023508886375069224,
    "zR_prime_m": 0.0002491913156412732,
    "M2": 3.922769801042389,
    "sigma": {
      "w0_m": Infinity,
      "z0_m": Infinity,
      "B": Infinity,
      "zR_prime_m": NaN,
      "M2": Infinity
    }
  }
}