{
  "x": {
    "w0_m": 0.00019860884532709093,
    "z0_m": 0.0032077478901844313,
    "zR_prime_m": 0.0014026059601831057,
    "M2": 85.77764941063019,
    "sigma": {
      "w0_m": 4.614925614829813e-05,
      "z0_m": 0.0002802599475937816,
      "B": 0.006654908584562527,
      "zR_prime_m": 0.0005048199223590276,
      "M2": 15.706090793294956
    }
  },
  "y": {
    "w0_m": 0.0001587844497312466,
    "z0_m": 0.0029166103058314886,
    "zR_prime_m": 0.0014293831783992181,
    "M2": 53.79970791205563,
    "sigma": {
      "w0_m": 6.275915331314911e-05,
      "z0_m": 0.0005464194746016543,
      "B": 0.007320864309176415,
      "zR_prime_m": 0.0008865065352064348,
      "M2": 17.33052754439175
    }
  }
}