{
  "x": {
    "w0_m": 0.00011227626208273536,
    "z0_m": 0.1018013957710685,
    "zR_prime_m": 0.02045339265457,
    "M2": 1.2908302937110407,
    "sigma": {
      "w0_m": 1.1835691726697282e-05,
      "z0_m": 0.0016672010737746104,
      "B": 1.2209858185188005e-06,
      "zR_prime_m": 0.002314946944806292,
      "M2": 0.13059627257291487
    }
  },
  "y": {
    "w0_m": 9.484494991229956e-05,
    "z0_m": 0.10463977822369343,
    "zR_prime_m": 0.017164520066901418,
    "M2": 1.0976284922977926,
    "sigma": {
      "w0_m": 1.2320084585478005e-05,
      "z0_m": 0.001558884830542711,
      "B": 1.1913412938725548e-06,
      "zR_prime_m": 0.002348970171526983,
      "M2": 0.1378812253414012
    }
  }
}